{
  "name": "ChatMessage",
  "type": "object",
  "properties": {
    "message": {
      "type": "string",
      "description": "The chat message content"
    },
    "message_type": {
      "type": "string",
      "enum": [
        "user",
        "assistant"
      ],
      "description": "Whether this is from user or chatbot"
    },
    "language": {
      "type": "string",
      "enum": [
        "english",
        "telugu"
      ],
      "description": "Language of the message"
    },
    "category": {
      "type": "string",
      "enum": [
        "general",
        "disease",
        "fertilizer",
        "pesticide",
        "weather",
        "market",
        "irrigation"
      ],
      "description": "Category of the question/response"
    },
    "voice_used": {
      "type": "boolean",
      "default": false,
      "description": "Whether voice input was used"
    },
    "context_data": {
      "type": "object",
      "description": "Additional context like crop type, location, etc."
    }
  },
  "required": [
    "message",
    "message_type",
    "language"
  ]
}