{
  "name": "CropAnalysis",
  "type": "object",
  "properties": {
    "image_url": {
      "type": "string",
      "description": "URL of the uploaded crop image"
    },
    "crop_type": {
      "type": "string",
      "description": "Type of crop (rice, wheat, cotton, etc.)"
    },
    "disease_detected": {
      "type": "string",
      "description": "Name of the detected disease"
    },
    "disease_severity": {
      "type": "string",
      "enum": [
        "low",
        "moderate",
        "high",
        "critical"
      ],
      "description": "Severity level of the disease"
    },
    "confidence_score": {
      "type": "number",
      "description": "AI confidence in disease detection (0-100)"
    },
    "symptoms": {
      "type": "array",
      "items": {
        "type": "string"
      },
      "description": "List of observed symptoms"
    },
    "analysis_details": {
      "type": "object",
      "properties": {
        "disease_description": {
          "type": "string"
        },
        "causes": {
          "type": "array",
          "items": {
            "type": "string"
          }
        },
        "prevention_tips": {
          "type": "array",
          "items": {
            "type": "string"
          }
        }
      }
    },
    "pesticide_recommendations": {
      "type": "array",
      "items": {
        "type": "object",
        "properties": {
          "name": {
            "type": "string"
          },
          "active_ingredient": {
            "type": "string"
          },
          "application_method": {
            "type": "string"
          },
          "dosage": {
            "type": "string"
          },
          "frequency": {
            "type": "string"
          },
          "safety_instructions": {
            "type": "array",
            "items": {
              "type": "string"
            }
          }
        }
      }
    },
    "language": {
      "type": "string",
      "enum": [
        "english",
        "telugu"
      ],
      "default": "english"
    }
  },
  "required": [
    "image_url",
    "crop_type"
  ]
}